{
    "train_loss": [
        0.317192342266979,
        0.2543986691349003,
        0.22204234585704574,
        0.1932590362058586,
        0.18769111651852427,
        0.17707185474145842,
        0.1824805839174244,
        0.17867685516316248,
        0.17057853587061525,
        0.16878125391691085
    ],
    "val_loss": [
        0.787543585955702,
        0.6719136940229018,
        0.6641408826736425,
        0.7525653326452173,
        0.6776354082964904,
        0.7579293915175445,
        0.7994408666199406,
        0.8753770202003568,
        0.7726746981112372,
        0.7691934089490909
    ],
    "img_acc": [
        0.6306605733277939,
        0.6983797257997507,
        0.6855006231823847,
        0.7228915662650602,
        0.7307852098047362,
        0.7266306605733278,
        0.7191524719567927,
        0.7116742833402576,
        0.7212297465724968,
        0.7212297465724968
    ],
    "f1": [
        0.42509922283194745,
        0.5247343232574772,
        0.5259808056496563,
        0.5706636133725244,
        0.5801672335100415,
        0.5632735334706155,
        0.5663788405173051,
        0.5579817014763906,
        0.5489962786995262,
        0.5618997669405821
    ],
    "qwk": [
        0.1994973062479214,
        0.49308822635904503,
        0.45978118833053494,
        0.43017342020020477,
        0.6174418967950694,
        0.4805286006718342,
        0.473570419469878,
        0.3973385190856704,
        0.5211245830849047,
        0.5252503629783738
    ],
    "ece": [
        0.10816770294270278,
        0.1046711235656548,
        0.10201771966540375,
        0.14432090652102894,
        0.1533472467667342,
        0.18485973351319698,
        0.19812863213321608,
        0.21639628211244488,
        0.2044290728622519,
        0.20740669745352935
    ],
    "pat_acc": [
        0.7150259067357513,
        0.8082901554404145,
        0.8186528497409327,
        0.8911917098445595,
        0.8756476683937824,
        0.9067357512953368,
        0.8911917098445595,
        0.8704663212435233,
        0.8911917098445595,
        0.8860103626943006
    ],
    "pat_auc": [
        0.8593987704005538,
        0.9391955167122746,
        0.9713422717604502,
        0.9827995665582531,
        0.984046461434076,
        0.9845746331509814,
        0.9844326224991621,
        0.9797323831762057,
        0.9801884447539697,
        0.9818681158266669
    ]
}