{
    "train_loss": [
        0.49977219272330103,
        0.3305645689787156,
        0.2781778555438222,
        0.27373273048295554,
        0.2620757689557401,
        0.2486669444535152,
        0.24511846959830288,
        0.24209583206588484,
        0.2366541877209422,
        0.23445158388959356,
        0.22195756752567597,
        0.2198558658600811,
        0.21009791699279265,
        0.20781104930912156,
        0.207127877986096,
        0.20986234387719488,
        0.20923264635853978,
        0.20498267851440782,
        0.2028149999528525,
        0.20638436019181247
    ],
    "val_loss": [
        0.7761549970369466,
        0.7187186169703275,
        0.7006709013158912,
        0.9152721253945338,
        0.8683885472105038,
        0.9579707177861637,
        0.7882727501013421,
        0.7289105876293404,
        0.9340461143693387,
        0.9656173692929824,
        0.8226571107246229,
        0.8739230420119715,
        0.8007007890584453,
        0.8598631526164661,
        0.7883918306093343,
        0.8785326206526219,
        0.8590368350708721,
        0.8848776920939123,
        0.840257269509186,
        0.8948355284550332
    ],
    "img_acc": [
        0.603405315614618,
        0.6877076411960132,
        0.6872923588039868,
        0.6719269102990033,
        0.7171926910299004,
        0.7018272425249169,
        0.6985049833887044,
        0.7126245847176079,
        0.707641196013289,
        0.6897840531561462,
        0.7200996677740864,
        0.7068106312292359,
        0.7188538205980066,
        0.7180232558139535,
        0.6935215946843853,
        0.7122093023255814,
        0.7167774086378738,
        0.7167774086378738,
        0.7167774086378738,
        0.7142857142857143
    ],
    "f1": [
        0.3808944389357463,
        0.5376957076687602,
        0.5271068796042774,
        0.5159985308286011,
        0.5573698304373381,
        0.5443979095106758,
        0.5628455611721965,
        0.583149754935732,
        0.5659195721931523,
        0.5196343121727994,
        0.5666381585824837,
        0.5471861306610991,
        0.5552726105133005,
        0.5567168199672463,
        0.5469708749817598,
        0.5507682562323423,
        0.5607147881815499,
        0.5620227937251693,
        0.5577263350457115,
        0.5558659602828228
    ],
    "qwk": [
        0.1660927970354359,
        0.3945056752755388,
        0.40626090424206174,
        0.2419628602638434,
        0.40197132462349594,
        0.3053193660295217,
        0.4834516471838469,
        0.48813890547572336,
        0.32588005587915736,
        0.3299375010472345,
        0.5080438174162487,
        0.43120538583849255,
        0.5007311214009679,
        0.44997230389023823,
        0.5201678951678952,
        0.4123181336161188,
        0.43554161410208325,
        0.40504059539918813,
        0.4806806992147721,
        0.3995085162274382
    ],
    "ece": [
        0.16213030282692656,
        0.12202733307086751,
        0.12366148469307493,
        0.2080307871078534,
        0.1910886235064842,
        0.22947916066725788,
        0.20159909626673225,
        0.21042505164083053,
        0.2250929861716258,
        0.2504454277134021,
        0.2150241778885011,
        0.22839167642335956,
        0.21131549084998444,
        0.21929877043463464,
        0.23483759870263826,
        0.22253125552026137,
        0.21829918625940914,
        0.2199101671081445,
        0.22036521691222527,
        0.22204774353294274
    ],
    "pat_acc": [
        0.5854922279792746,
        0.8341968911917098,
        0.8652849740932642,
        0.8601036269430051,
        0.8860103626943006,
        0.8808290155440415,
        0.8808290155440415,
        0.8549222797927462,
        0.8652849740932642,
        0.8808290155440415,
        0.8911917098445595,
        0.8756476683937824,
        0.9015544041450777,
        0.9015544041450777,
        0.8704663212435233,
        0.8911917098445595,
        0.8963730569948186,
        0.9015544041450777,
        0.8911917098445595,
        0.8963730569948186
    ],
    "pat_auc": [
        0.8313963783246114,
        0.950034027360145,
        0.9668600311672694,
        0.9585287321988631,
        0.984435821576834,
        0.9712138605164865,
        0.9663452458821746,
        0.9787152228976225,
        0.9827129030560554,
        0.9753188362314492,
        0.9841380810663143,
        0.9873711417281923,
        0.986535836369795,
        0.9806680046886677,
        0.9715808847965542,
        0.9756001465275187,
        0.9852932675698803,
        0.9825282350772788,
        0.9893964773584724,
        0.9753908265715658
    ]
}