{
    "epoch": 15,
    "train_loss": 0.207127877986096,
    "val_loss": 0.7883918306093343,
    "img_acc": 0.6935215946843853,
    "f1": 0.5469708749817598,
    "qwk": 0.5201678951678952,
    "ece": 0.23483759870263826,
    "pat_acc": 0.8704663212435233,
    "pat_auc": 0.9715808847965542
}