{
    "train_loss": 0.20638436019181247,
    "val_loss": 0.8948355284550332,
    "img_acc": 0.7142857142857143,
    "f1": 0.5558659602828228,
    "qwk": 0.3995085162274382,
    "ece": 0.22204774353294274,
    "pat_acc": 0.8963730569948186,
    "pat_auc": 0.9753908265715658
}