{
    "epoch": 5,
    "train_loss": 0.18769111651852427,
    "val_loss": 0.6776354082964904,
    "img_acc": 0.7307852098047362,
    "f1": 0.5801672335100415,
    "qwk": 0.6174418967950694,
    "ece": 0.1533472467667342,
    "pat_acc": 0.8756476683937824,
    "pat_auc": 0.984046461434076
}