{
    "train_loss": 0.16878125391691085,
    "val_loss": 0.7691934089490909,
    "img_acc": 0.7212297465724968,
    "f1": 0.5618997669405821,
    "qwk": 0.5252503629783738,
    "ece": 0.20740669745352935,
    "pat_acc": 0.8860103626943006,
    "pat_auc": 0.9818681158266669
}