{
    "train_loss": [
        0.5206566073581682,
        0.32340391144050773,
        0.2857839110049796,
        0.25603622161116163,
        0.24977814300474546,
        0.2410050019727531,
        0.24459515834319676,
        0.24731189276732451,
        0.2346873790659803,
        0.22149478057597546,
        0.21299106928896397
    ],
    "val_loss": [
        0.2800238469647149,
        0.2741530475727582,
        0.24747786077402406,
        0.26028942872407074,
        0.4121920580075959,
        0.24795161465467033,
        0.31013971365104287,
        0.2495679619201159,
        0.2798881625472489,
        0.2634579439537,
        0.2628450353266829
    ],
    "img_acc": [
        0.859798194370685,
        0.8975039830058418,
        0.9075942644715879,
        0.9171534784917684,
        0.6935740839086564,
        0.9256505576208178,
        0.8284652150823154,
        0.9272437599575146,
        0.9176845459373341,
        0.9150292087095061,
        0.924057355284121
    ],
    "f1": [
        0.6127976360830013,
        0.6581667347405472,
        0.7010568846268642,
        0.7229733510090481,
        0.564438364224932,
        0.7501026367460852,
        0.6629269658475526,
        0.7710752406037802,
        0.6896543617531253,
        0.7426179706409585,
        0.7506422188134317
    ],
    "qwk": [
        0.6105879375063953,
        0.6976724234078878,
        0.7593725720765176,
        0.7561131284655452,
        0.4694335606518628,
        0.7916918995792803,
        0.6304939547929695,
        0.7772572231030774,
        0.712193777981862,
        0.7774775965900249,
        0.7766667075649567
    ],
    "ece": [
        0.09891836262103795,
        0.04139682791426787,
        0.04277201265144144,
        0.04267023901830502,
        0.17058817905374368,
        0.05356778926945599,
        0.08060389196879042,
        0.07113294479888736,
        0.0844077150427909,
        0.05225866988689036,
        0.04452887786808507
    ],
    "pat_acc": [
        0.7624309392265194,
        0.8950276243093923,
        0.8950276243093923,
        0.9116022099447514,
        0.7624309392265194,
        0.8950276243093923,
        0.8342541436464088,
        0.9005524861878453,
        0.8453038674033149,
        0.8895027624309392,
        0.8784530386740331
    ],
    "pat_auc": [
        0.9252208755028208,
        0.9749268532552636,
        0.9816086309293205,
        0.9864056627382426,
        0.9667154245352227,
        0.9750844039714517,
        0.96864491387841,
        0.9812550464241085,
        0.9354684575637532,
        0.9550707997288482,
        0.9751819227018247
    ]
}