{
    "train_loss": [
        0.43108995855911403,
        0.30449522307789917,
        0.25137558389217296,
        0.23015309098764514,
        0.22044524444755934,
        0.21822871801489635,
        0.21751407417633856,
        0.21175369699584676,
        0.20459864283284396,
        0.20427279718590122
    ],
    "val_loss": [
        0.26814864703223235,
        0.2562690740212416,
        0.30782608496837127,
        0.2333921462806881,
        0.2328569892889414,
        0.2571817746019771,
        0.2438248350070073,
        0.26118000717754036,
        0.24603795890624708,
        0.25494282546206415
    ],
    "img_acc": [
        0.8771459227467812,
        0.8733905579399142,
        0.7848712446351931,
        0.9222103004291845,
        0.9275751072961373,
        0.9184549356223176,
        0.9324034334763949,
        0.9243562231759657,
        0.930793991416309,
        0.9259656652360515
    ],
    "f1": [
        0.6160618968244388,
        0.6397587310527243,
        0.6129831203299668,
        0.74801834636687,
        0.7734560185630316,
        0.7246084566634879,
        0.7714598188470089,
        0.7358115675189397,
        0.7693939488374268,
        0.7679576240233755
    ],
    "qwk": [
        0.67878548431839,
        0.7358296881343986,
        0.5945109668386048,
        0.7878380418577441,
        0.8147169386968256,
        0.7749330922883324,
        0.7878447855638434,
        0.780552542953365,
        0.7920822450060885,
        0.7957334891876096
    ],
    "ece": [
        0.07606591472937828,
        0.06959217128068082,
        0.04427032605964739,
        0.053705013009355804,
        0.03193712208915678,
        0.04675398667866579,
        0.03522208998131651,
        0.037349932823058374,
        0.05560854924722801,
        0.0333133704096974
    ],
    "pat_acc": [
        0.7900552486187845,
        0.7569060773480663,
        0.7624309392265194,
        0.8950276243093923,
        0.856353591160221,
        0.856353591160221,
        0.9060773480662984,
        0.8895027624309392,
        0.9116022099447514,
        0.8895027624309392
    ],
    "pat_auc": [
        0.9093416594563287,
        0.9144564772250644,
        0.9197001760430822,
        0.9855829388899613,
        0.9548981894893576,
        0.9806469808619106,
        0.9663962443572327,
        0.9635810781848989,
        0.9691768597463636,
        0.9559905187006456
    ]
}