{
    "epoch": 5,
    "train_loss": 0.22044524444755934,
    "val_loss": 0.2328569892889414,
    "img_acc": 0.9275751072961373,
    "f1": 0.7734560185630316,
    "qwk": 0.8147169386968256,
    "ece": 0.03193712208915678,
    "pat_acc": 0.856353591160221,
    "pat_auc": 0.9548981894893576
}