{
    "epoch": 6,
    "train_loss": 0.2410050019727531,
    "val_loss": 0.24795161465467033,
    "img_acc": 0.9256505576208178,
    "f1": 0.7501026367460852,
    "qwk": 0.7916918995792803,
    "ece": 0.05356778926945599,
    "pat_acc": 0.8950276243093923,
    "pat_auc": 0.9750844039714517
}