{
    "train_loss": 0.21299106928896397,
    "val_loss": 0.2628450353266829,
    "img_acc": 0.924057355284121,
    "f1": 0.7506422188134317,
    "qwk": 0.7766667075649567,
    "ece": 0.04452887786808507,
    "pat_acc": 0.8784530386740331,
    "pat_auc": 0.9751819227018247
}