{
    "train_loss": 0.20427279718590122,
    "val_loss": 0.25494282546206415,
    "img_acc": 0.9259656652360515,
    "f1": 0.7679576240233755,
    "qwk": 0.7957334891876096,
    "ece": 0.0333133704096974,
    "pat_acc": 0.8895027624309392,
    "pat_auc": 0.9559905187006456
}