{
    "train_loss": [
        0.5073129319790127,
        0.33896465544142246,
        0.28053548832365127,
        0.2618225574714987,
        0.25584344111632235,
        0.24268781053089297,
        0.2431455289453379,
        0.23319440365502384,
        0.22205824967210622,
        0.22143653118255857,
        0.23104272871434023,
        0.2337939152597938,
        0.2249931259336968
    ],
    "val_loss": [
        0.3317237277977339,
        0.2994755812501179,
        0.3757317434171684,
        0.46964310200614784,
        0.327425652219139,
        0.3570460016832097,
        0.34648146798819984,
        0.3236105712201759,
        0.3517307855245721,
        0.3461238512669811,
        0.3437000997080148,
        0.33444622943874536,
        0.3771704322167935
    ],
    "img_acc": [
        0.7937799043062201,
        0.785645933014354,
        0.8435406698564594,
        0.5263157894736842,
        0.7511961722488039,
        0.8545454545454545,
        0.869377990430622,
        0.8799043062200957,
        0.869377990430622,
        0.8665071770334928,
        0.8578947368421053,
        0.8578947368421053,
        0.8688995215311005
    ],
    "f1": [
        0.5969279011932258,
        0.6482554069748462,
        0.6855174282072367,
        0.5541340749216678,
        0.6896162089553487,
        0.7073773464906759,
        0.7269816713745053,
        0.7417411557374162,
        0.7292361870056596,
        0.7273330058221613,
        0.7244539509685978,
        0.741965018516925,
        0.7340427119133865
    ],
    "qwk": [
        0.6607729190315639,
        0.7231600384543668,
        0.6529271267926153,
        0.44868575425010837,
        0.6735618383789537,
        0.732547661240884,
        0.7605311527064031,
        0.7771082547239896,
        0.7498340272031867,
        0.7471169011729137,
        0.7397991182169635,
        0.7656190054596429,
        0.7279055971525228
    ],
    "ece": [
        0.0978671728423908,
        0.04858985119744351,
        0.06785664561262542,
        0.23966928141539176,
        0.11779843401965914,
        0.07853961755214123,
        0.11116672349318366,
        0.056144493276422666,
        0.06650446519326934,
        0.08500328953756667,
        0.07502672384230147,
        0.0765084427224392,
        0.07521925548617349
    ],
    "pat_acc": [
        0.7819905213270142,
        0.8293838862559242,
        0.8293838862559242,
        0.6824644549763034,
        0.8530805687203792,
        0.8720379146919431,
        0.8815165876777251,
        0.8720379146919431,
        0.8815165876777251,
        0.9004739336492891,
        0.8862559241706162,
        0.8862559241706162,
        0.8767772511848341
    ],
    "pat_auc": [
        0.9085130329336075,
        0.9499843888967406,
        0.9678120742616921,
        0.9133170019560847,
        0.9632871582714593,
        0.9563558854924645,
        0.9702241858898,
        0.9639959391877441,
        0.979921381405456,
        0.9726138167945946,
        0.9730547815432673,
        0.9632526727277483,
        0.9748852960967205
    ]
}