{
    "train_loss": [
        0.40799539134626495,
        0.2735027181171573,
        0.2311967167047763,
        0.21528947015455666,
        0.21913859170608804,
        0.20908427288319542,
        0.1936315339903406,
        0.19595800556214768
    ],
    "val_loss": [
        0.3311981968008555,
        0.32540775228005187,
        0.27812846962075966,
        0.8532173826717413,
        0.310689100680443,
        0.3114608948620466,
        0.34565738428097503,
        0.34493972687767105
    ],
    "img_acc": [
        0.8014492753623188,
        0.8289855072463768,
        0.8483091787439614,
        0.4623188405797101,
        0.8342995169082126,
        0.8618357487922705,
        0.842512077294686,
        0.8652173913043478
    ],
    "f1": [
        0.5670591671658364,
        0.6150230846733574,
        0.7130941102451427,
        0.38256604331174277,
        0.7128961453624486,
        0.7085873517891422,
        0.6933108492650168,
        0.7241164867376412
    ],
    "qwk": [
        0.6540858438045294,
        0.7426526589310515,
        0.7832358720335094,
        0.21523118441442202,
        0.7198518267069198,
        0.7785549233483241,
        0.7501941210625835,
        0.7339853692644007
    ],
    "ece": [
        0.061180929976384996,
        0.04563521662196102,
        0.03829481071896025,
        0.3756344945822361,
        0.039470434721541284,
        0.052942069630691965,
        0.089307760645226,
        0.07621078897213586
    ],
    "pat_acc": [
        0.7109004739336493,
        0.7251184834123223,
        0.8578199052132701,
        0.5497630331753555,
        0.8436018957345972,
        0.8530805687203792,
        0.8767772511848341,
        0.8767772511848341
    ],
    "pat_auc": [
        0.8826508602874293,
        0.934939495502714,
        0.9583520711096144,
        0.9158415505967642,
        0.967144088074907,
        0.9573481503277209,
        0.9504380012673476,
        0.9703678103113061
    ]
}