{
    "epoch": 3,
    "train_loss": 0.2311967167047763,
    "val_loss": 0.27812846962075966,
    "img_acc": 0.8483091787439614,
    "f1": 0.7130941102451427,
    "qwk": 0.7832358720335094,
    "ece": 0.03829481071896025,
    "pat_acc": 0.8578199052132701,
    "pat_auc": 0.9583520711096144
}