{
    "train_loss": 0.2249931259336968,
    "val_loss": 0.3771704322167935,
    "img_acc": 0.8688995215311005,
    "f1": 0.7340427119133865,
    "qwk": 0.7279055971525228,
    "ece": 0.07521925548617349,
    "pat_acc": 0.8767772511848341,
    "pat_auc": 0.9748852960967205
}