{
    "epoch": 8,
    "train_loss": 0.23319440365502384,
    "val_loss": 0.3236105712201759,
    "img_acc": 0.8799043062200957,
    "f1": 0.7417411557374162,
    "qwk": 0.7771082547239896,
    "ece": 0.056144493276422666,
    "pat_acc": 0.8720379146919431,
    "pat_auc": 0.9639959391877441
}