{
    "train_loss": 0.19595800556214768,
    "val_loss": 0.34493972687767105,
    "img_acc": 0.8652173913043478,
    "f1": 0.7241164867376412,
    "qwk": 0.7339853692644007,
    "ece": 0.07621078897213586,
    "pat_acc": 0.8767772511848341,
    "pat_auc": 0.9703678103113061
}